keyword,category,priority
do I have a personal injury case,Personal Injury Basics,high
what is a personal injury claim,Personal Injury Basics,high
how long do personal injury cases take,Personal Injury Basics,high
personal injury claim process step by step,Personal Injury Basics,high
what damages can I recover in personal injury,Personal Injury Basics,high
how to document injuries after accident,Personal Injury Basics,high
what to do immediately after an accident,Personal Injury Basics,high
personal injury statute of limitations by state,Personal Injury Basics,high
how personal injury settlements work,Personal Injury Basics,high
personal injury lawsuit vs settlement,Personal Injury Basics,high
what is pain and suffering in personal injury,Personal Injury Basics,high
how to prove negligence in personal injury,Personal Injury Basics,medium
personal injury claim timeline explained,Personal Injury Basics,medium
can I file a personal injury claim without a lawyer,Personal Injury Basics,medium
what is tort law personal injury,Personal Injury Basics,low
how much is my personal injury case worth,Settlement Values,high
average personal injury settlement amounts,Settlement Values,high
car accident settlement amounts by injury type,Settlement Values,high
whiplash settlement value 2026,Settlement Values,high
broken bone injury settlement average,Settlement Values,high
soft tissue injury settlement amounts,Settlement Values,high
traumatic brain injury settlement value,Settlement Values,high
back injury settlement amounts car accident,Settlement Values,high
neck injury settlement car accident,Settlement Values,high
how insurance companies calculate settlements,Settlement Values,high
personal injury multiplier method explained,Settlement Values,medium
pain and suffering calculation formula,Settlement Values,high
lost wages in personal injury settlement,Settlement Values,high
punitive damages personal injury explained,Settlement Values,medium
how to negotiate higher personal injury settlement,Settlement Values,high
factors that increase settlement value,Settlement Values,high
lowball settlement offer what to do,Settlement Values,high
what reduces personal injury settlement,Settlement Values,medium
future medical expenses settlement calculation,Settlement Values,medium
permanent disability settlement amounts,Settlement Values,high
car accident injury claim tips,Car Accidents,high
what to do after a car accident injury,Car Accidents,high
how to file car accident injury claim,Car Accidents,high
car accident injury no insurance options,Car Accidents,high
hit and run accident injury claim,Car Accidents,high
uninsured motorist claim process,Car Accidents,high
rear end accident injury settlement,Car Accidents,high
sideswipe accident injury claim,Car Accidents,high
T-bone accident injury compensation,Car Accidents,high
rideshare accident injury claim Uber Lyft,Car Accidents,high
truck accident injury settlement,Car Accidents,high
drunk driver accident injury lawsuit,Car Accidents,high
car accident whiplash claim process,Car Accidents,medium
car accident soft tissue injury claim,Car Accidents,medium
car accident pain and suffering claim,Car Accidents,high
pre-existing condition car accident claim,Car Accidents,medium
delayed injury symptoms after car accident,Car Accidents,high
car accident injury claim denied what to do,Car Accidents,high
comparative negligence car accident explained,Car Accidents,medium
car accident injury claim time limit,Car Accidents,high
slip and fall injury claim process,Slip and Fall,high
slip and fall settlement amounts,Slip and Fall,high
how to prove slip and fall case,Slip and Fall,high
property owner liability slip and fall,Slip and Fall,high
wet floor slip and fall injury,Slip and Fall,high
supermarket slip and fall lawsuit,Slip and Fall,high
parking lot slip and fall injury,Slip and Fall,high
workplace slip and fall injury claim,Slip and Fall,high
ice and snow slip and fall claim,Slip and Fall,high
slip and fall on stairs injury,Slip and Fall,high
trip and fall uneven pavement claim,Slip and Fall,medium
comparative fault slip and fall explained,Slip and Fall,medium
did I wait too long to file slip and fall,Slip and Fall,medium
photos evidence slip and fall accident,Slip and Fall,medium
notice requirement slip and fall lawsuit,Slip and Fall,medium
workers compensation claim process,Workers Compensation,high
workers comp vs personal injury lawsuit,Workers Compensation,high
can I sue employer instead of workers comp,Workers Compensation,high
workers comp settlement amounts,Workers Compensation,high
how long does workers comp case take,Workers Compensation,high
workers comp denied what to do,Workers Compensation,high
permanent disability workers comp settlement,Workers Compensation,high
return to work after injury workers comp,Workers Compensation,medium
workers comp doctor vs personal doctor,Workers Compensation,medium
independent medical exam workers comp tips,Workers Compensation,medium
repetitive stress injury workers comp claim,Workers Compensation,medium
third party workers comp claim explained,Workers Compensation,medium
how insurance companies handle injury claims,Insurance Tactics,high
insurance adjuster tactics to watch out for,Insurance Tactics,high
why insurance company denied my injury claim,Insurance Tactics,high
how to appeal denied injury insurance claim,Insurance Tactics,high
recorded statement insurance adjuster tips,Insurance Tactics,high
never say this to insurance adjuster after accident,Insurance Tactics,high
insurance company delay tactics injury claim,Insurance Tactics,high
bad faith insurance claim explained,Insurance Tactics,high
medical records release sign or not,Insurance Tactics,high
insurance company settlement too low what to do,Insurance Tactics,high
policy limits injury claim explained,Insurance Tactics,medium
subrogation personal injury claim explained,Insurance Tactics,medium
liens on personal injury settlement,Insurance Tactics,medium
Medicare Medicaid lien personal injury,Insurance Tactics,medium
health insurance personal injury claim interaction,Insurance Tactics,medium
when to hire a personal injury lawyer,Finding an Attorney,high
how to choose a personal injury lawyer,Finding an Attorney,high
personal injury lawyer contingency fee explained,Finding an Attorney,high
questions to ask personal injury attorney,Finding an Attorney,high
how much does personal injury lawyer cost,Finding an Attorney,high
personal injury attorney free consultation what to expect,Finding an Attorney,high
signs of a bad personal injury lawyer,Finding an Attorney,medium
how to fire your personal injury lawyer,Finding an Attorney,medium
personal injury lawyer red flags,Finding an Attorney,medium
do I need a lawyer for minor car accident,Finding an Attorney,medium
personal injury case without a lawyer,Finding an Attorney,medium
how to find personal injury lawyer reviews,Finding an Attorney,medium
traumatic brain injury claim guide,Serious Injuries,high
spinal cord injury settlement,Serious Injuries,high
wrongful death personal injury claim,Serious Injuries,high
catastrophic injury lawsuit process,Serious Injuries,high
amputation injury settlement amount,Serious Injuries,high
PTSD after accident personal injury claim,Serious Injuries,medium
scarring disfigurement injury settlement,Serious Injuries,medium
loss of consortium personal injury claim,Serious Injuries,low
chronic pain after accident injury claim,Serious Injuries,medium
nerve damage injury settlement amount,Serious Injuries,medium
dog bite injury claim process,Other Injury Types,high
dog bite settlement amounts,Other Injury Types,high
dog bite laws by state,Other Injury Types,medium
medical malpractice claim process,Other Injury Types,high
medical malpractice settlement amounts,Other Injury Types,high
nursing home abuse personal injury claim,Other Injury Types,high
defective product injury claim,Other Injury Types,high
pedestrian accident injury claim,Other Injury Types,high
bicycle accident injury settlement,Other Injury Types,high
motorcycle accident injury claim,Other Injury Types,high
school bus accident injury claim,Other Injury Types,medium
construction accident injury lawsuit,Other Injury Types,high
elevator accident injury claim,Other Injury Types,low
swimming pool accident injury claim,Other Injury Types,medium
amusement park injury lawsuit,Other Injury Types,low
personal injury claim evidence checklist,Evidence and Documentation,high
how to document injury for insurance claim,Evidence and Documentation,high
medical records personal injury case,Evidence and Documentation,high
witness statement personal injury claim,Evidence and Documentation,medium
accident scene photos what to take,Evidence and Documentation,high
medical bills personal injury settlement,Evidence and Documentation,high
expert witness personal injury case,Evidence and Documentation,medium
surveillance video accident claim,Evidence and Documentation,medium
police report personal injury claim,Evidence and Documentation,high
gap in medical treatment injury claim effect,Evidence and Documentation,high
independent medical examination tips,Evidence and Documentation,medium
social media injury claim mistakes,Evidence and Documentation,high
diary of injuries personal injury claim,Evidence and Documentation,medium
pre-existing injury personal injury claim,Evidence and Documentation,high
injury claim after funeral wrongful death,Evidence and Documentation,medium
how long to settle personal injury case,Case Outcomes,high
personal injury trial what to expect,Case Outcomes,medium
mediation personal injury case explained,Case Outcomes,medium
structured settlement vs lump sum injury,Case Outcomes,high
how injury settlement money is paid,Case Outcomes,medium
taxes on personal injury settlement,Case Outcomes,high
is personal injury settlement taxable,Case Outcomes,high
what happens after settlement is reached,Case Outcomes,medium
release of liability form injury settlement,Case Outcomes,medium
can I reopen personal injury case after settlement,Case Outcomes,medium
personal injury appeal process,Case Outcomes,low
class action vs individual injury lawsuit,Case Outcomes,low
bankruptcy and personal injury settlement,Case Outcomes,low
protecting settlement from creditors,Case Outcomes,medium
minor child personal injury settlement rules,Case Outcomes,medium
how to find an affordable therapist near me,Finding Help,high
how much does therapy cost without insurance,Costs,high
does insurance cover therapy sessions,Costs,high
sliding scale therapy explained,Costs,high
how to find a therapist that takes my insurance,Finding Help,high
online therapy vs in person therapy,Therapy Types,high
best online therapy platforms compared,Finding Help,high
what to expect in your first therapy session,Getting Started,high
how to know if you need therapy,Getting Started,high
how to choose the right therapist for you,Finding Help,high
difference between a psychologist and a psychiatrist,Providers,high
difference between a therapist and a counselor,Providers,medium
how to switch therapists without feeling guilty,Process,medium
signs your therapist is a good fit,Process,medium
how often should you go to therapy,Process,medium
group therapy vs individual therapy explained,Therapy Types,medium
couples therapy what to expect,Therapy Types,high
family therapy explained for beginners,Therapy Types,medium
what is talk therapy and how does it work,Therapy Types,high
dialectical behavior therapy DBT explained,Therapy Types,medium
acceptance and commitment therapy overview,Therapy Types,low
art therapy for anxiety explained,Therapy Types,low
how to manage anxiety without medication,Coping,high
grounding techniques for panic attacks,Coping,high
daily habits to improve mental health,Coping,high
how to cope with depression at home,Coping,high
journaling for mental health benefits,Coping,medium
breathing exercises for stress relief guide,Coping,medium
how to support a loved one with depression,Support,medium
how to talk to your doctor about mental health,Getting Started,medium
free mental health resources and hotlines,Finding Help,high
what is teletherapy and how does it work,Therapy Types,medium
how to prepare for a therapy appointment,Getting Started,medium
understanding mental health diagnosis basics,Conditions,medium
warning signs of burnout and how to recover,Conditions,high
how to find a therapist for teens,Finding Help,medium
